timestamp,open,high,low,close,vwrap,volume,count
1524427200,8916.8,8940.0,8886.9,8920.0,8915.7,105.18378828,450
1524430800,8919.3,8933.0,8909.9,8932.2,8923.8,33.58859159,258
1524434400,8932.2,8932.4,8850.0,8865.2,8883.9,138.69183306,621
1524438000,8865.2,8865.8,8760.5,8811.8,8805.1,588.7639844,1432
1524441600,8811.8,8869.3,8784.9,8831.0,8831.4,173.97230411,426
1524445200,8831.0,8919.1,8818.6,8902.6,8857.0,143.4544336,351
1524448800,8895.9,8898.9,8851.4,8865.8,8873.5,61.22689902,270
1524452400,8862.7,8909.0,8862.1,8874.6,8884.6,74.91881978,370
1524456000,8874.6,8891.9,8844.7,8866.9,8862.4,60.04120534,281
1524459600,8866.9,8895.1,8843.8,8886.8,8870.1,113.99363165,234
1524463200,8886.8,8949.3,8864.2,8930.8,8905.7,172.14857412,487
1524466800,8916.5,8991.3,8916.5,8957.0,8963.3,214.81530368,805
1524470400,8957.0,8990.0,8919.9,8932.9,8945.7,214.16483055,468
1524474000,8926.5,8932.9,8849.8,8910.1,8882.3,228.6883534,568
1524477600,8910.2,8934.4,8887.6,8900.1,8909.2,116.55168642,303
1524481200,8900.1,8951.0,8883.1,8929.0,8936.1,268.30068074,411
1524484800,8929.0,9032.1,8920.0,8969.8,8965.5,392.81314179,763
1524488400,8969.8,8974.7,8927.1,8930.0,8951.1,176.39710823,433
1524492000,8930.0,8939.1,8861.0,8929.8,8907.3,681.66232681,1131
1524495600,8928.7,8945.0,8895.0,8906.2,8913.7,74.64001705,342
1524499200,8907.7,8943.9,8906.2,8921.2,8925.0,67.75073403,335
1524502800,8921.2,8924.2,8873.2,8887.2,8892.9,111.53694724,538
1524506400,8887.6,8915.8,8887.6,8905.2,8902.6,101.81623445,317
1524510000,8905.5,8914.1,8818.0,8859.0,8857.4,230.75657727,718
1524513600,8857.8,8937.3,8845.1,8933.0,8888.1,258.2740692,576
1524517200,8933.1,8952.0,8919.4,8945.5,8936.0,169.70036274,340
1524520800,8945.4,8969.0,8930.0,8940.0,8957.0,111.79938873,369
1524524400,8940.0,8966.0,8930.1,8954.1,8947.2,71.66903905,366
1524528000,8959.0,9400.0,8947.0,9195.5,9166.6,1250.64048107,4025
1524531600,9195.0,9219.1,9136.7,9189.2,9181.0,296.10811206,1281
1524535200,9189.2,9250.0,9185.4,9210.0,9208.9,236.43480024,885
1524538800,9210.0,9235.1,9195.0,9219.0,9214.6,182.18472913,608
1524542400,9219.0,9298.6,9211.2,9294.6,9251.7,186.19243484,1017
1524546000,9287.9,9333.0,9233.5,9300.3,9285.1,298.2374089,917
1524549600,9300.3,9307.8,9249.5,9263.2,9273.9,172.01258385,666
1524553200,9263.2,9265.8,9210.8,9249.5,9231.0,194.50224087,602
1524556800,9250.0,9290.0,9230.8,9276.0,9262.5,80.43244438,355
1524560400,9276.0,9311.9,9258.3,9293.0,9290.7,189.74547243,454
1524564000,9297.9,9368.2,9293.0,9319.3,9323.2,315.84195025,826
1524567600,9319.3,9363.8,9302.1,9305.5,9329.9,285.30710981,683
1524571200,9305.0,9386.0,9304.9,9386.0,9333.5,321.44764748,686
1524574800,9385.9,9443.3,9233.1,9271.0,9346.8,880.41149509,2275
1524578400,9275.7,9437.8,9207.9,9305.0,9289.5,816.54265813,1649
1524582000,9308.4,9386.9,9308.0,9359.9,9352.7,261.82536716,745
1524585600,9358.9,9387.0,9330.0,9357.2,9354.0,147.63964011,616
1524589200,9357.2,9434.3,9345.0,9427.3,9391.2,134.18433565,639
1524592800,9427.3,9427.3,9372.5,9397.2,9388.5,274.35491984,779
1524596400,9397.2,9468.7,9300.0,9458.0,9391.8,529.0106291,1462
1524600000,9458.0,9474.9,9413.4,9448.0,9442.8,256.9045583,1050
1524603600,9446.5,9500.0,9439.1,9463.0,9473.5,263.65297648,1017
1524607200,9463.0,9614.5,9451.7,9574.0,9527.5,708.77582143,2247
1524610800,9573.9,9749.0,9532.7,9661.7,9661.5,621.63866628,1856
1524614400,9661.7,9698.0,9479.5,9562.8,9593.9,1085.876763,2949
1524618000,9562.8,9659.4,9511.4,9630.0,9601.6,329.64997197,1178
1524621600,9630.0,9750.0,9630.0,9695.0,9705.5,439.29161332,1279
1524625200,9686.9,9718.7,9359.6,9390.0,9550.9,659.85312019,2122
1524628800,9390.0,9534.2,9200.0,9312.9,9356.3,1266.45005424,3344
1524632400,9307.1,9420.0,9263.8,9390.0,9353.3,523.01278374,1662
1524636000,9388.0,9484.0,9384.9,9426.0,9439.8,281.503167,907
1524639600,9426.0,9447.4,9338.8,9407.0,9420.8,247.18354239,637
1524643200,9407.1,9449.4,9290.4,9299.1,9402.9,309.00607557,838
1524646800,9299.1,9358.7,9260.0,9312.5,9308.7,284.05453415,847
1524650400,9312.5,9314.7,9042.9,9159.8,9156.5,1294.47816739,3079
1524654000,9164.3,9193.7,9029.2,9150.8,9104.3,712.23020209,2179
1524657600,9150.8,9222.9,9102.5,9145.3,9164.0,337.40380698,1288
1524661200,9145.3,9167.8,9000.0,9065.9,9053.3,712.88890877,1829
1524664800,9065.9,9066.5,8767.0,8928.9,8896.0,1802.738511,4494
1524668400,8924.0,8977.0,8866.8,8975.5,8921.0,446.19797252,1605
1524672000,8975.5,8975.6,8863.5,8923.1,8899.8,383.46582715,1277
1524675600,8926.9,9085.4,8912.5,9047.1,9023.4,374.24699804,1456
1524679200,9050.0,9058.1,8949.2,8981.5,9006.2,289.41717418,1133
1524682800,8981.8,9024.1,8950.0,8971.6,8984.0,298.4122531,916
1524686400,8976.6,9108.9,8976.6,9073.3,9070.4,304.04437129,775
1524690000,9073.0,9171.5,9066.6,9163.0,9125.2,228.69135288,903
1524693600,9163.2,9178.6,8928.1,8950.3,9067.9,642.80030588,1533
1524697200,8950.3,9005.4,8772.6,8855.7,8863.6,795.73501337,2003
1524700800,8857.0,8865.8,8654.7,8824.5,8735.3,1197.06728883,2717
1524704400,8822.9,8858.5,8733.8,8762.0,8794.5,272.9257371,1000
1524708000,8757.2,8879.0,8750.1,8843.7,8843.4,126.96704517,670
1524711600,8843.2,8881.7,8769.5,8810.2,8833.8,197.03136879,776
1524715200,8808.8,8923.0,8808.8,8918.2,8865.2,177.46388888,655
1524718800,8918.2,8967.1,8864.2,8882.6,8925.0,265.1839677,860
1524722400,8886.4,8940.1,8767.9,8829.9,8847.6,383.10049992,984
1524726000,8829.9,8871.1,8798.1,8850.5,8834.5,202.75103627,606
1524729600,8850.6,8884.5,8670.3,8715.7,8751.0,499.78977638,1492
1524733200,8715.7,8760.9,8555.0,8735.0,8680.0,554.52863964,1212
1524736800,8732.3,8867.9,8732.3,8845.0,8783.8,182.03574079,548
1524740400,8846.7,8920.2,8828.6,8852.7,8866.0,97.63701763,468
1524744000,8852.8,8936.0,8850.0,8892.0,8903.1,153.96031616,485
1524747600,8892.0,8895.0,8796.7,8820.8,8838.8,184.22018691,524
1524751200,8818.0,8862.4,8726.7,8820.0,8796.1,412.40689213,905
1524754800,8818.0,8819.4,8771.7,8798.1,8798.8,143.20193234,535
1524758400,8798.1,8895.4,8781.7,8891.8,8840.8,237.15317732,724
1524762000,8891.8,8912.8,8848.9,8866.9,8879.0,168.15019151,483
1524765600,8866.9,8888.6,8841.0,8842.1,8860.7,114.84411039,379
1524769200,8842.0,8870.0,8841.0,8868.1,8855.3,71.85192417,294
1524772800,8868.1,9127.2,8867.1,9112.6,9036.5,843.44000655,2248
1524776400,9112.6,9183.6,9080.4,9106.9,9129.9,403.17761586,1055
1524780000,9106.9,9245.4,9106.9,9220.0,9182.9,317.00364436,1012
1524783600,9220.0,9300.0,9201.9,9291.4,9259.1,437.18971561,1117
1524787200,9281.7,9281.7,9184.5,9219.9,9228.3,300.36546806,816
1524790800,9220.0,9296.7,9219.0,9234.0,9246.0,171.93156613,649
1524794400,9244.0,9292.5,9237.1,9263.8,9260.3,172.39861143,555
1524798000,9260.0,9260.2,9140.0,9150.0,9203.5,278.18108323,888
1524801600,9149.9,9227.8,9112.3,9204.8,9180.6,248.88419982,665
1524805200,9202.7,9215.6,9153.8,9189.5,9186.8,227.49455573,503
1524808800,9175.6,9234.7,9172.9,9229.9,9214.9,205.48939535,440
1524812400,9229.9,9232.3,9175.7,9224.9,9205.8,219.16073474,414
1524816000,9227.0,9285.0,9224.0,9250.7,9254.1,195.50403903,457
1524819600,9250.7,9372.0,9233.1,9359.8,9305.7,286.14409135,856
1524823200,9359.3,9381.9,9325.7,9356.6,9362.6,167.87780637,509
1524826800,9360.0,9375.2,9275.0,9309.2,9314.0,307.49039191,597
1524830400,9308.9,9348.8,9261.8,9281.9,9310.6,166.50045088,548
1524834000,9281.9,9303.6,9150.0,9205.3,9213.1,443.8036109,1037
1524837600,9209.5,9250.0,9198.3,9244.8,9238.6,258.29429005,596
1524841200,9244.8,9244.8,9204.9,9231.7,9233.0,212.50526815,620
1524844800,9230.6,9295.0,9229.6,9272.0,9259.4,299.2986718,726
1524848400,9272.0,9303.0,9267.4,9270.2,9282.9,97.38121252,486
1524852000,9270.5,9278.3,9210.5,9224.9,9242.1,126.66824645,566
1524855600,9224.9,9237.0,9056.0,9093.0,9143.9,587.5516086,1530
1524859200,9093.0,9168.6,8950.0,8974.8,9053.3,642.99826749,1977
1524862800,8974.8,9051.6,8926.0,8978.5,8997.2,263.38376625,1043
1524866400,8978.5,9086.9,8973.3,9033.2,9047.1,171.91469872,852
1524870000,9031.8,9068.9,8891.8,8917.8,8978.7,155.67830808,907
1524873600,8917.8,9030.0,8865.0,8992.9,8946.7,199.55760106,726
1524877200,8993.0,9106.6,8991.0,9106.4,9043.8,152.04740111,687
1524880800,9095.6,9110.0,9042.7,9045.6,9084.5,132.76713957,512
1524884400,9045.6,9176.8,9044.1,9146.9,9120.2,130.87665493,420
1524888000,9143.7,9151.1,9087.0,9113.7,9130.0,119.69976369,527
1524891600,9110.0,9159.9,9110.0,9144.5,9140.8,58.11702546,281
1524895200,9144.5,9202.7,9134.4,9154.5,9176.9,121.20075083,620
1524898800,9154.5,9154.5,9099.3,9114.5,9119.2,77.81451944,427
1524902400,9114.5,9333.0,9070.8,9266.5,9261.3,791.42139742,1753
1524906000,9266.5,9293.5,9144.8,9257.3,9224.3,383.19840322,926
1524909600,9263.9,9305.8,9213.8,9263.0,9274.1,219.72420132,634
1524913200,9263.0,9275.0,9186.5,9206.0,9225.1,61.78371868,354
1524916800,9198.5,9424.5,9198.5,9354.6,9342.1,425.82869011,1089
1524920400,9355.2,9404.6,9322.1,9361.3,9370.2,164.70777484,774
1524924000,9361.3,9437.2,9273.6,9313.8,9364.8,383.88181698,1235
1524927600,9307.2,9342.7,9225.7,9342.7,9281.4,173.65364547,782
1524931200,9345.0,9373.7,9265.0,9299.4,9295.5,247.99859297,775
1524934800,9299.1,9342.2,9269.3,9285.0,9302.7,138.65893802,563
1524938400,9285.0,9400.0,9280.2,9384.7,9361.4,164.2819341,628
1524942000,9384.7,9394.8,9341.8,9389.0,9375.4,112.46994428,544
1524945600,9382.0,9436.0,9331.2,9331.2,9379.6,190.03708584,716
1524949200,9331.3,9352.1,9230.1,9274.0,9286.7,178.01698717,754
1524952800,9281.0,9347.7,9280.9,9343.1,9319.7,91.81593727,413
1524956400,9343.0,9364.6,9310.1,9339.2,9332.9,82.64857768,387
1524960000,9328.1,9424.0,9328.0,9381.5,9391.9,256.61120889,669
1524963600,9382.0,9498.6,9373.2,9454.8,9446.0,386.39511574,1110
1524967200,9456.4,9538.0,9440.6,9492.4,9495.5,376.57794088,1196
1524970800,9494.0,9494.4,9416.5,9442.0,9445.5,116.88178645,552
1524974400,9443.3,9476.6,9440.6,9440.8,9457.2,100.69119146,378
1524978000,9440.6,9476.4,9362.3,9408.9,9406.1,151.21564195,484
1524981600,9406.4,9471.5,9383.1,9452.1,9438.0,132.03281249,419
1524985200,9455.4,9471.0,9412.2,9430.9,9440.6,125.77459519,552
1524988800,9431.0,9447.0,9265.0,9290.5,9355.9,254.89127834,1226
1524992400,9290.5,9328.6,9226.3,9302.5,9273.7,256.74328072,972
1524996000,9301.4,9303.9,9165.0,9229.5,9230.3,163.08644696,724
1524999600,9225.0,9292.3,9177.4,9266.5,9236.0,148.37881735,571
1525003200,9266.5,9320.0,9198.9,9244.4,9262.0,155.9756337,643
1525006800,9246.3,9313.1,9242.7,9301.5,9293.9,98.02967197,449
1525010400,9310.2,9356.2,9265.2,9281.3,9317.5,83.93652304,487
1525014000,9281.3,9394.9,9280.3,9330.4,9326.7,393.51868117,733
1525017600,9329.0,9340.3,9298.3,9309.0,9315.6,71.72092317,436
1525021200,9306.2,9339.5,9238.7,9323.7,9281.4,109.23423485,622
1525024800,9323.7,9341.7,9300.3,9329.5,9320.7,29.67660813,224
1525028400,9329.5,9360.0,9311.1,9311.1,9337.6,43.86167629,284
1525032000,9314.4,9333.0,9291.0,9306.4,9311.1,54.26496993,313
1525035600,9311.9,9350.3,9304.6,9323.4,9336.1,37.06548052,330
1525039200,9327.0,9436.2,9320.1,9415.0,9397.6,161.11071465,721
1525042800,9415.0,9431.5,9382.6,9411.2,9408.2,93.29820448,365
1525046400,9411.2,9430.0,9345.3,9400.0,9390.2,140.37935933,444
1525050000,9407.0,9429.9,9370.0,9405.3,9405.7,178.90272934,367
1525053600,9405.3,9437.2,9397.8,9428.1,9413.6,100.61199039,393
1525057200,9428.0,9453.9,9257.0,9268.8,9371.3,274.45338573,960
1525060800,9269.7,9326.7,9265.0,9265.0,9294.8,94.37544123,518
1525064400,9265.0,9357.8,9265.0,9339.3,9317.4,78.00018757,376
1525068000,9334.8,9357.7,9261.1,9301.8,9305.8,145.3541655,633
1525071600,9301.7,9314.6,9200.0,9219.5,9236.3,191.82425165,868
1525075200,9219.5,9264.9,9110.7,9188.6,9172.6,290.23443532,1090
1525078800,9188.1,9240.5,9152.8,9217.6,9197.6,117.68466429,543
1525082400,9217.1,9283.2,9173.2,9254.4,9225.0,157.77265606,544
1525086000,9254.4,9279.7,9232.1,9265.4,9254.5,69.67299976,331
1525089600,9264.9,9299.2,9260.4,9298.6,9283.9,104.59672834,478
1525093200,9298.6,9330.7,9269.9,9272.0,9293.4,94.60765662,437
1525096800,9272.0,9287.4,9246.5,9270.5,9262.2,153.33510411,614
1525100400,9270.1,9280.5,9247.6,9280.5,9269.6,258.02538846,1002
1525104000,9280.5,9336.2,9261.0,9262.9,9289.4,158.89237237,685
1525107600,9262.9,9323.0,9262.9,9306.7,9297.2,111.60796211,533
1525111200,9306.8,9349.6,9306.7,9313.9,9321.8,114.0023841,533
1525114800,9319.2,9325.0,9260.6,9313.5,9302.5,200.53128474,451
1525118400,9313.5,9325.0,9272.4,9273.0,9291.4,132.4172199,353
1525122000,9272.9,9272.9,9195.1,9227.9,9230.6,303.29393415,1269
1525125600,9223.2,9270.0,9150.0,9169.9,9224.8,470.8393328,1215
1525129200,9170.0,9248.0,9169.9,9243.2,9223.4,193.98030485,749
1525132800,9246.5,9246.5,8930.0,8968.0,9060.7,974.36924388,2630
1525136400,8968.0,9030.2,8871.7,8999.0,8948.6,540.28375321,1614
1525140000,8999.0,9035.2,8934.0,9026.2,8991.9,184.48738875,730
1525143600,9017.1,9018.2,8928.0,8952.1,8962.7,230.92734841,677
1525147200,8952.0,9015.2,8944.0,8980.0,8995.6,232.93369059,616
1525150800,8980.0,8980.9,8911.3,8947.8,8953.6,103.48091085,542
1525154400,8948.0,8986.7,8940.0,8983.4,8963.7,100.76962122,434
1525158000,8981.8,9017.8,8960.4,8988.0,8986.1,92.98462699,454
1525161600,8980.4,9065.1,8974.0,9029.8,9033.1,124.70469946,475
1525165200,9038.1,9068.5,9011.4,9022.3,9041.9,291.96560942,759
1525168800,9026.9,9045.9,8978.5,9020.3,9015.3,69.0270688,421
1525172400,9020.5,9053.7,8970.0,8970.3,9012.8,114.26545659,441
1525176000,8970.3,8990.0,8830.0,8900.0,8897.7,368.18229036,1182
1525179600,8900.0,8943.8,8850.1,8916.8,8901.6,221.74376238,739
1525183200,8916.8,8931.0,8883.7,8909.5,8909.2,142.69928676,653
1525186800,8912.2,8963.1,8894.4,8926.4,8935.9,228.67699075,491
1525190400,8921.6,9012.7,8920.6,8994.3,8965.7,560.67998576,1009
1525194000,8994.3,9056.2,8968.7,9010.8,9005.4,284.13401154,879
1525197600,9010.8,9024.6,8950.4,8997.6,8988.7,137.41156254,919
1525201200,8993.5,9007.6,8965.9,8986.2,8987.4,216.04073535,554
1525204800,8986.2,9063.0,8976.0,9028.9,9012.5,209.14762379,679
1525208400,9028.9,9111.0,9028.9,9086.3,9088.0,314.32223928,1016
1525212000,9086.2,9107.6,9051.0,9051.0,9076.9,115.29314036,632
1525215600,9052.0,9100.0,9041.3,9081.3,9069.5,97.39106011,529
1525219200,9081.3,9100.0,9020.2,9037.2,9067.2,134.68731494,939
1525222800,9037.2,9037.7,8989.4,9027.9,9013.6,160.55667658,876
1525226400,9028.0,9073.4,9008.6,9041.7,9045.3,161.23650638,604
1525230000,9041.7,9052.0,9005.1,9026.8,9034.5,69.64761898,366
1525233600,9026.8,9092.6,9026.8,9073.0,9071.1,91.63870853,374
1525237200,9088.5,9099.0,9061.1,9076.8,9080.0,82.21294355,409
1525240800,9076.8,9170.0,9066.3,9169.8,9132.1,303.31623412,968
1525244400,9169.6,9184.9,9134.7,9153.0,9161.3,108.60616985,560
1525248000,9153.0,9160.0,9112.3,9133.9,9131.1,75.43829939,405
1525251600,9133.9,9159.9,9117.7,9129.1,9135.9,28.63077851,259
1525255200,9132.6,9199.9,9132.6,9161.9,9181.0,129.5022181,513
1525258800,9163.6,9195.7,9155.0,9163.8,9171.6,50.22365252,309
1525262400,9163.8,9182.2,9028.0,9081.3,9094.1,701.25027456,818
1525266000,9080.0,9103.2,8979.0,9100.1,9038.6,291.75296981,819
1525269600,9100.1,9115.0,9068.2,9080.0,9094.1,53.03859262,333
1525273200,9080.0,9149.9,9073.5,9147.4,9124.0,93.93682651,510
1525276800,9147.3,9150.0,9117.8,9117.8,9144.0,74.80033487,407
1525280400,9123.5,9142.1,9111.8,9122.6,9126.1,74.67220417,249
1525284000,9122.6,9137.0,9093.9,9125.1,9130.9,165.30987942,259
1525287600,9125.1,9129.5,9048.7,9118.1,9096.7,162.06850333,455
1525291200,9116.8,9190.0,9098.0,9169.4,9134.6,102.8308734,514
1525294800,9169.1,9262.0,9169.1,9221.2,9226.3,581.13917099,1273
1525298400,9226.3,9262.0,9190.2,9259.1,9223.9,77.45357303,454
1525302000,9259.0,9262.0,9199.6,9217.1,9232.9,102.86958533,373
1525305600,9217.1,9236.7,9192.4,9197.8,9210.2,87.54097302,363
1525309200,9197.8,9250.0,9197.8,9238.5,9229.4,82.59585088,347
1525312800,9238.4,9255.9,9208.0,9249.5,9235.1,75.69929805,392
1525316400,9249.1,9271.6,9217.5,9237.0,9251.9,172.6994482,627
1525320000,9236.6,9287.9,9230.5,9265.3,9267.7,69.63854801,464
1525323600,9265.4,9279.0,9175.1,9202.9,9234.2,81.58115608,561
1525327200,9202.9,9220.0,9170.1,9200.3,9194.7,62.22990606,498
1525330800,9200.3,9247.0,9195.0,9235.0,9224.4,98.22444032,404
1525334400,9237.0,9245.9,9181.0,9219.7,9212.7,119.75442214,378
1525338000,9219.7,9220.5,9178.0,9200.0,9199.4,31.76046894,204
1525341600,9200.0,9226.8,9200.0,9210.6,9217.0,64.7261419,263
1525345200,9210.6,9217.0,9174.0,9210.0,9195.4,70.60522548,331
1525348800,9201.5,9349.0,9198.1,9340.2,9293.0,445.78143021,1300
1525352400,9340.2,9484.4,9300.4,9459.0,9361.5,602.44434839,1676
1525356000,9452.9,9470.0,9381.4,9418.8,9427.0,649.45759469,1616
1525359600,9418.8,9450.0,9380.0,9413.8,9409.9,266.41511855,811
1525363200,9413.8,9600.0,9409.7,9583.0,9495.9,407.18649246,1819
1525366800,9588.3,9680.0,9533.3,9669.7,9591.7,504.44812506,1994
1525370400,9669.7,9750.0,9587.0,9639.6,9676.8,898.24163749,2560
1525374000,9647.0,9680.0,9559.0,9627.4,9622.8,331.97886235,1202
1525377600,9627.4,9649.8,9556.6,9635.6,9605.0,159.03448032,670
1525381200,9635.4,9660.0,9605.0,9646.0,9638.0,81.8750207,504
1525384800,9648.0,9709.8,9620.1,9701.1,9663.8,170.34896447,822
1525388400,9706.6,9799.9,9701.5,9735.9,9754.6,458.2393273,1472
1525392000,9731.1,9735.0,9511.0,9591.6,9586.5,596.75361764,2004
1525395600,9591.6,9665.9,9582.0,9606.8,9623.3,165.46903188,628
1525399200,9606.8,9648.9,9588.0,9616.3,9616.2,68.49193886,359
1525402800,9614.8,9622.5,9511.2,9577.2,9584.6,234.16514994,661
1525406400,9577.2,9645.1,9577.2,9639.0,9618.6,228.25436476,577
1525410000,9639.0,9646.1,9600.0,9615.6,9617.0,44.69864417,353
1525413600,9615.7,9700.0,9597.9,9663.0,9654.5,95.65269974,508
1525417200,9659.5,9695.0,9634.8,9672.3,9664.0,134.63329026,447
1525420800,9666.8,9779.9,9663.1,9759.1,9740.8,266.4016461,996
1525424400,9756.2,9757.2,9636.0,9711.0,9696.4,209.08641958,822
1525428000,9711.4,9732.0,9675.0,9681.3,9711.8,196.26963196,576
1525431600,9679.5,9760.0,9640.0,9722.0,9694.5,361.78181364,814
1525435200,9722.0,9754.3,9660.2,9675.0,9719.9,90.36886187,517
1525438800,9674.9,9712.1,9600.0,9630.0,9659.5,116.20763464,628
1525442400,9630.0,9690.5,9609.7,9674.4,9646.8,158.44365269,494
1525446000,9671.7,9687.2,9566.0,9612.6,9615.8,242.09081623,707
1525449600,9612.4,9659.5,9561.3,9650.1,9601.8,179.34686645,552
1525453200,9651.8,9699.5,9629.9,9648.9,9649.1,198.38072131,411
1525456800,9647.9,9647.9,9605.1,9628.4,9624.2,151.49444542,311
1525460400,9628.6,9652.7,9615.2,9645.3,9640.0,108.14024,373
1525464000,9645.3,9699.6,9625.5,9678.3,9665.3,148.40194652,454
1525467600,9678.3,9724.0,9660.1,9720.0,9698.3,69.15823904,468
1525471200,9717.4,9742.6,9663.4,9719.5,9709.7,94.49911443,569
1525474800,9719.5,9725.4,9670.0,9688.9,9704.5,86.0964394,914
1525478400,9687.9,9762.9,9670.0,9742.0,9725.5,120.86750074,438
1525482000,9742.0,9770.0,9700.0,9770.0,9736.2,68.46671076,377
1525485600,9770.0,9879.8,9770.0,9807.2,9823.7,382.69986467,1534
1525489200,9807.2,9836.6,9776.3,9807.2,9806.4,72.25400334,332
1525492800,9808.2,9873.9,9807.8,9824.9,9839.8,78.00004002,402
1525496400,9824.9,9844.3,9780.0,9806.7,9811.1,51.90780312,361
1525500000,9806.7,9810.2,9768.0,9772.2,9792.5,67.25405872,478
1525503600,9768.2,9796.0,9465.0,9782.0,9689.9,566.87920661,1466
1525507200,9782.1,9865.0,9765.4,9813.5,9812.1,171.24739884,488
1525510800,9813.2,9857.5,9809.2,9832.4,9834.6,62.47125016,426
1525514400,9832.4,9950.0,9826.8,9902.4,9901.0,320.90744283,1227
1525518000,9902.4,9917.3,9805.2,9864.0,9866.5,163.87209022,658
1525521600,9864.1,9940.0,9864.1,9910.3,9900.7,109.01362805,437
1525525200,9910.2,9962.0,9854.4,9863.1,9918.6,224.4467005,758
1525528800,9857.4,9935.8,9837.8,9915.0,9903.2,155.22911762,1080
1525532400,9915.0,9928.1,9864.6,9892.0,9900.7,92.12491626,455
1525536000,9892.0,9903.5,9825.7,9877.5,9869.2,96.8233384,500
1525539600,9878.0,9912.3,9820.3,9831.5,9880.2,128.92303008,729
1525543200,9831.6,9850.0,9511.1,9822.9,9723.6,444.14482196,1308
1525546800,9824.8,9848.1,9816.8,9831.8,9827.9,71.98528137,350
1525550400,9831.6,9831.9,9650.3,9731.0,9743.8,172.02980884,835
1525554000,9731.0,9739.1,9642.5,9739.1,9691.9,224.54450666,909
1525557600,9737.2,9809.7,9705.2,9787.6,9769.1,97.30446055,577
1525561200,9787.4,9815.0,9759.7,9795.0,9790.9,56.4822871,331
1525564800,9795.0,9898.0,9779.2,9890.0,9858.1,125.79927259,705
1525568400,9891.0,9899.0,9826.3,9857.4,9862.7,53.67110088,459
1525572000,9869.3,9871.9,9807.1,9820.2,9849.0,138.38270968,647
1525575600,9820.2,9852.8,9816.1,9816.2,9833.3,55.5892276,379
1525579200,9818.2,9866.5,9790.1,9791.6,9841.5,63.53097162,482
1525582800,9791.6,9791.6,9690.2,9721.0,9736.7,172.87554694,904
1525586400,9721.0,9721.0,9565.0,9644.8,9635.0,306.46026766,1658
1525590000,9643.1,9678.8,9595.7,9674.9,9638.5,116.29089495,542
1525593600,9674.9,9674.9,9500.0,9518.6,9544.3,263.24524612,1251
1525597200,9522.9,9554.4,9460.0,9518.9,9510.3,184.46452088,980
1525600800,9520.0,9578.6,9478.7,9524.9,9537.3,104.44641746,523
1525604400,9523.1,9554.2,9420.0,9478.0,9495.5,176.39371541,898
1525608000,9477.8,9570.2,9364.0,9523.2,9486.0,394.58615262,1137
1525611600,9523.2,9612.6,9515.0,9552.8,9563.8,91.13226422,487
1525615200,9550.0,9589.9,9524.5,9543.6,9562.2,51.87835547,462
1525618800,9545.8,9560.0,9466.3,9492.0,9500.8,142.06429077,653
1525622400,9492.0,9582.5,9490.0,9562.5,9546.5,172.27919617,471
1525626000,9557.6,9602.2,9546.1,9575.3,9583.9,53.06501025,370
1525629600,9575.3,9599.9,9488.4,9532.1,9552.4,111.62078301,401
1525633200,9528.9,9555.7,9486.2,9504.5,9516.3,68.23236427,335
1525636800,9504.5,9552.0,9498.6,9511.2,9529.0,124.05896501,454
1525640400,9511.5,9532.0,9499.9,9516.0,9520.0,46.43662565,287
1525644000,9512.3,9633.6,9508.3,9597.4,9584.3,105.31369306,453
1525647600,9597.6,9620.2,9566.3,9604.9,9592.1,52.3134635,314
1525651200,9605.0,9626.8,9428.7,9449.7,9514.9,107.21284145,689
1525654800,9456.0,9456.0,9300.0,9350.0,9354.7,606.10876725,1525
1525658400,9350.0,9360.4,9265.0,9330.0,9318.4,217.24204049,651
1525662000,9330.0,9380.8,9304.8,9336.2,9338.0,112.83706751,178
1525665600,9336.9,9374.3,9320.0,9324.5,9353.2,67.75928495,402
1525669200,9324.5,9381.0,9282.0,9350.2,9330.5,146.522851,508
1525672800,9350.2,9366.2,9326.5,9355.2,9346.3,88.19340352,245
1525676400,9355.2,9355.2,9246.1,9298.3,9284.6,163.2625462,582
1525680000,9298.3,9388.0,9261.5,9379.8,9335.7,136.66086409,644
1525683600,9379.0,9379.8,9250.0,9257.7,9300.1,335.68649948,1245
1525687200,9259.1,9318.5,9257.7,9288.9,9294.8,216.7561393,727
1525690800,9288.9,9332.1,9260.0,9320.2,9308.1,87.47830434,438
1525694400,9320.4,9356.6,9300.0,9334.1,9329.5,41.41893396,354
1525698000,9334.1,9337.3,9270.0,9283.3,9307.9,254.71820899,600
1525701600,9279.1,9343.7,9200.0,9313.1,9241.0,349.85620349,1254
1525705200,9302.7,9372.2,9300.0,9348.0,9345.8,140.34804224,669
1525708800,9348.0,9409.8,9343.8,9359.3,9373.6,91.98894357,462
1525712400,9359.3,9405.1,9344.7,9353.0,9372.7,107.09921822,481
1525716000,9352.9,9388.3,9349.6,9363.1,9370.6,44.82796188,342
1525719600,9363.1,9465.6,9357.3,9430.1,9427.1,200.94392036,808
1525723200,9432.8,9453.4,9391.0,9447.5,9424.2,50.21202291,349
1525726800,9440.0,9459.0,9388.0,9391.2,9414.3,97.65510112,440
1525730400,9391.0,9391.0,9271.5,9323.0,9324.5,178.51859309,621
1525734000,9323.0,9386.3,9287.3,9360.6,9340.3,70.1350083,562
1525737600,9360.6,9397.0,9356.4,9380.0,9373.0,78.19761561,387
1525741200,9380.0,9438.9,9373.9,9422.0,9402.2,106.49031409,593
1525744800,9422.8,9458.6,9409.1,9425.8,9432.3,112.08017218,594
1525748400,9425.8,9445.5,9389.7,9430.1,9425.2,67.29375203,315
1525752000,9430.1,9434.7,9393.4,9417.4,9422.8,52.78512379,212
1525755600,9417.5,9417.5,9323.0,9327.8,9354.3,93.79881996,544
1525759200,9327.8,9362.0,9305.0,9331.0,9336.3,47.7212347,250
1525762800,9331.0,9362.0,9330.9,9356.4,9349.1,43.74629946,276
1525766400,9356.4,9405.5,9351.5,9396.2,9390.7,171.82693202,481
1525770000,9396.2,9399.8,9240.0,9310.0,9292.4,197.73066138,694
1525773600,9310.0,9348.1,9273.6,9292.5,9307.6,113.84279474,415
1525777200,9292.5,9296.6,9173.1,9211.0,9215.0,292.82953774,1083
1525780800,9211.0,9211.0,9050.0,9134.4,9112.8,420.70227133,1617
1525784400,9134.4,9162.0,9102.4,9119.8,9131.2,158.56432158,648
1525788000,9119.8,9175.1,9105.0,9138.0,9136.2,202.44963957,565
1525791600,9138.0,9192.0,9125.2,9191.8,9156.5,117.57530168,454
1525795200,9191.8,9191.8,9116.3,9128.0,9153.9,126.3889014,399
1525798800,9128.0,9158.0,9120.2,9130.2,9143.8,68.91682732,436
1525802400,9130.2,9252.8,9053.2,9208.4,9163.6,275.44561779,875
1525806000,9208.4,9275.0,9203.8,9255.0,9238.6,105.67768894,367
1525809600,9255.0,9255.0,9151.1,9156.0,9203.3,171.63646114,459
1525813200,9156.0,9229.8,9156.0,9171.7,9191.1,39.90780368,237
1525816800,9171.7,9240.4,9170.0,9198.1,9210.0,62.79529945,283
1525820400,9198.1,9248.0,9164.3,9172.7,9209.4,55.05237319,254
1525824000,9178.3,9187.3,9123.9,9126.5,9145.4,139.47941732,381
1525827600,9126.5,9176.3,9126.5,9161.7,9161.2,60.71352622,223
1525831200,9161.7,9165.0,9076.0,9080.9,9110.1,129.29729292,608
1525834800,9080.9,9085.3,8992.7,9026.6,9028.7,476.56179313,1236
1525838400,9026.6,9087.6,8960.0,9080.1,9019.3,299.47949249,993
1525842000,9080.1,9088.4,9020.9,9061.0,9042.9,98.29428629,588
1525845600,9061.0,9100.0,9042.7,9092.2,9077.6,167.59239462,403
1525849200,9092.2,9092.2,9024.0,9031.1,9065.7,37.92602139,373
1525852800,9031.1,9120.0,9021.2,9106.0,9089.5,96.50473674,488
1525856400,9106.0,9136.3,9071.1,9114.0,9110.0,275.17053887,422
1525860000,9114.0,9217.6,9085.9,9197.3,9159.9,150.50953245,520
1525863600,9197.3,9342.7,9193.7,9260.3,9264.8,577.94541731,817
1525867200,9260.4,9464.1,9260.4,9280.1,9333.3,662.7191864,1497
1525870800,9280.1,9300.0,9251.1,9272.1,9276.5,170.49365803,608
1525874400,9272.1,9300.0,9253.9,9300.0,9273.2,157.7563941,497
1525878000,9300.0,9316.9,9278.3,9284.6,9298.0,128.46517761,432
1525881600,9284.6,9310.9,9280.1,9302.8,9296.7,59.77595774,288
1525885200,9302.8,9383.8,9290.0,9300.0,9320.7,234.11638199,636
1525888800,9300.0,9327.0,9267.1,9270.7,9302.8,52.75159056,396
1525892400,9270.7,9285.0,9238.4,9277.4,9254.2,119.13480099,326
1525896000,9277.5,9297.9,9242.0,9242.4,9273.7,88.69744205,347
1525899600,9242.4,9261.4,9212.4,9240.0,9238.4,189.00404285,556
1525903200,9240.0,9325.0,9238.5,9308.9,9300.8,53.76299554,437
1525906800,9308.9,9312.4,9274.6,9305.4,9293.3,93.9344824,261
1525910400,9305.4,9395.9,9293.6,9313.8,9351.3,275.37879751,528
1525914000,9313.8,9347.4,9309.1,9312.4,9330.5,61.62482841,145
1525917600,9312.4,9318.7,9283.7,9314.8,9302.4,56.38797915,199
1525921200,9314.8,9330.9,9300.1,9327.4,9316.5,34.61918951,118
1525924800,9327.4,9349.4,9322.2,9327.2,9339.7,54.77004968,267
1525928400,9327.2,9345.0,9296.0,9297.1,9324.5,44.19470439,256
1525932000,9297.2,9322.9,9260.0,9282.0,9287.2,57.25671325,251
1525935600,9282.0,9388.9,9276.8,9362.0,9336.6,87.52983329,379
1525939200,9362.0,9382.1,9324.8,9342.0,9348.9,45.49934759,308
1525942800,9337.2,9350.0,9314.7,9339.5,9334.3,51.16653765,264
1525946400,9339.5,9381.1,9318.2,9366.7,9350.8,95.5901548,285
1525950000,9366.7,9369.4,9313.2,9320.0,9334.1,90.08975369,302
1525953600,9320.0,9348.9,9312.1,9341.9,9330.1,61.74513316,232
1525957200,9341.9,9385.1,9321.3,9369.8,9358.7,102.2025353,517
1525960800,9371.6,9372.4,9315.0,9315.2,9339.7,98.30772147,357
1525964400,9315.2,9345.0,9302.0,9326.0,9325.5,90.36225424,283
1525968000,9326.0,9370.0,9326.0,9341.0,9356.5,234.25556171,386
1525971600,9341.0,9348.4,9100.0,9155.3,9197.3,626.70335424,1784
1525975200,9155.3,9165.2,9049.8,9123.8,9095.5,325.94011314,834
1525978800,9123.8,9127.2,9051.4,9077.0,9092.3,116.22934446,572
1525982400,9077.0,9109.3,9040.1,9085.5,9072.6,168.67219709,656
1525986000,9085.5,9124.7,9084.5,9095.7,9106.5,60.03582657,309
1525989600,9095.7,9099.1,9028.2,9094.3,9066.4,90.51227507,417
1525993200,9094.3,9094.5,8990.5,9011.0,9028.5,184.917249,686
1525996800,9011.0,9011.0,8858.0,8931.2,8905.4,651.45532819,1975
1526000400,8933.3,8952.0,8890.3,8922.4,8926.5,95.9643075,433
1526004000,8922.4,8950.0,8891.0,8900.7,8923.2,97.90853997,341
1526007600,8900.7,8938.5,8895.2,8929.6,8926.6,79.36041947,385
1526011200,8929.6,8965.0,8928.0,8941.3,8942.8,55.61525297,278
1526014800,8941.3,9000.0,8924.0,8994.5,8974.0,101.66128905,321
1526018400,8994.5,8998.0,8808.0,8817.2,8886.7,279.43369816,1071
1526022000,8817.1,8851.5,8690.0,8755.0,8759.9,802.59911289,3407
1526025600,8752.5,8833.9,8735.8,8794.4,8791.1,316.84292287,1833
1526029200,8794.4,8794.4,8680.0,8749.4,8730.8,285.38830732,1389
1526032800,8749.4,8796.7,8714.0,8714.0,8752.0,200.74704857,1048
1526036400,8719.6,8748.0,8607.8,8626.9,8679.5,348.22909455,1378
1526040000,8625.0,8625.0,8476.5,8540.5,8530.5,711.46301272,2232
1526043600,8540.5,8615.5,8516.2,8533.8,8559.2,343.55586406,1074
1526047200,8533.5,8653.6,8533.5,8641.1,8607.4,286.01453562,1107
1526050800,8639.5,8646.8,8553.0,8582.9,8600.4,168.90057164,926
1526054400,8582.9,8670.0,8547.6,8643.9,8609.0,234.54667986,772
1526058000,8643.9,8649.0,8560.0,8592.3,8603.1,156.11147155,589
1526061600,8594.3,8666.9,8562.6,8618.1,8606.7,141.79288564,504
1526065200,8618.1,8689.0,8594.5,8603.4,8641.6,131.72105856,535
1526068800,8603.4,8644.7,8387.7,8430.1,8464.6,625.31019065,1655
1526072400,8430.1,8452.6,8325.0,8380.0,8379.2,358.89406462,1328
1526076000,8380.0,8459.9,8380.0,8428.9,8422.8,212.92706716,788
1526079600,8428.9,8476.1,8373.2,8407.8,8425.5,170.64056772,572
1526083200,8411.0,8469.0,8410.3,8459.0,8443.6,132.65464319,475
1526086800,8459.0,8471.7,8377.6,8445.4,8424.8,124.55845962,394
1526090400,8445.4,8470.9,8401.1,8426.5,8439.8,116.4209589,325
1526094000,8426.5,8457.4,8359.3,8412.0,8405.0,102.45901709,427
1526097600,8412.0,8447.4,8368.0,8383.4,8402.0,156.10287904,393
1526101200,8383.4,8398.8,8292.0,8305.0,8325.4,408.59345552,1778
1526104800,8305.0,8342.4,8223.2,8300.4,8272.5,525.19883902,1603
1526108400,8301.0,8340.6,8284.6,8325.1,8307.6,261.2991646,668
1526112000,8325.0,8325.1,8245.0,8265.0,8289.1,148.903219,540
1526115600,8265.0,8542.3,8224.1,8517.5,8398.3,449.54953797,1145
1526119200,8504.7,8582.4,8470.0,8582.4,8528.2,238.73109816,881
1526122800,8582.4,8582.4,8488.2,8524.9,8533.4,137.69915512,559
1526126400,8524.9,8649.9,8524.9,8630.0,8604.6,247.66919532,883
1526130000,8630.0,8644.8,8535.0,8535.0,8593.6,152.07926814,536
1526133600,8535.0,8535.0,8463.9,8500.2,8501.0,162.6569519,611
1526137200,8500.2,8510.3,8307.6,8350.7,8375.7,326.68453879,925
1526140800,8350.7,8406.7,8263.0,8320.2,8342.2,260.45395547,738
1526144400,8320.2,8395.0,8289.9,8385.0,8345.6,116.51046067,461
1526148000,8385.0,8388.1,8333.0,8363.0,8356.6,91.31930384,343
1526151600,8363.0,8510.0,8342.3,8495.5,8447.9,210.58423339,664
1526155200,8497.2,8515.0,8425.8,8431.6,8480.1,174.98611145,437
1526158800,8431.6,8431.6,8336.2,8411.0,8390.5,170.63449441,601
1526162400,8411.0,8523.7,8373.9,8451.3,8454.7,159.62716507,534
1526166000,8451.3,8549.0,8445.1,8479.0,8491.0,169.06293308,727
1526169600,8478.8,8534.1,8410.0,8416.2,8458.9,93.59754997,398
1526173200,8422.9,8473.1,8411.0,8429.2,8434.6,99.64022327,342
1526176800,8429.2,8429.2,8350.0,8414.6,8385.1,144.72785886,481
1526180400,8414.6,8450.0,8389.3,8439.5,8423.0,84.87093672,223
1526184000,8439.5,8446.4,8317.9,8344.3,8366.6,179.41917054,446
1526187600,8344.3,8407.1,8329.2,8382.5,8371.1,95.39808103,291
1526191200,8382.5,8496.0,8368.3,8440.0,8457.6,180.77278025,400
1526194800,8440.0,8477.5,8394.9,8448.0,8428.5,174.14600418,370
1526198400,8448.1,8462.5,8384.0,8417.1,8420.9,66.57690929,314
1526202000,8417.1,8604.1,8388.5,8592.8,8496.2,326.30457128,817
1526205600,8592.8,8596.3,8526.0,8535.0,8546.5,95.31880901,300
1526209200,8535.0,8584.6,8535.0,8551.5,8556.3,60.25318521,202
1526212800,8551.5,8610.0,8532.1,8564.9,8565.9,79.25297025,403
1526216400,8564.9,8569.5,8510.0,8555.0,8537.1,60.0516533,299
1526220000,8555.0,8642.6,8545.5,8639.0,8593.3,229.68773577,1113
1526223600,8638.6,8638.6,8571.2,8609.6,8608.3,93.07469691,628
1526227200,8607.8,8689.5,8595.4,8655.0,8653.9,247.51927831,775
1526230800,8655.0,8676.9,8560.0,8561.7,8615.2,162.73040444,761
1526234400,8563.1,8645.8,8563.1,8630.0,8614.4,69.32472506,336
1526238000,8634.9,8644.6,8605.4,8624.2,8618.7,49.40114659,258
1526241600,8624.2,8740.0,8616.7,8715.0,8697.2,347.29619057,761
1526245200,8715.0,8749.6,8642.2,8656.0,8703.3,165.19606483,617
1526248800,8651.5,8742.0,8651.5,8742.0,8711.9,70.09547875,359
1526252400,8742.0,8745.0,8650.1,8698.2,8700.2,186.45437398,502
1526256000,8698.2,8702.3,8588.0,8674.2,8644.3,284.36862766,977
1526259600,8674.2,8706.9,8637.6,8690.0,8677.3,53.42866337,192
1526263200,8690.0,8690.0,8600.0,8628.8,8646.4,141.15434006,453
1526266800,8628.8,8640.0,8401.0,8408.0,8479.1,507.37111747,1740
1526270400,8408.0,8445.9,8328.1,8376.0,8383.1,335.40829461,992
1526274000,8379.0,8393.2,8286.3,8386.3,8343.3,226.70881144,567
1526277600,8386.3,8410.3,8344.0,8404.5,8387.7,103.82308473,371
1526281200,8404.1,8404.2,8340.0,8391.0,8368.7,46.12876941,201
1526284800,8398.0,8464.7,8372.0,8445.0,8419.3,150.83420329,515
1526288400,8455.3,8455.3,8372.0,8416.2,8410.4,99.13752537,307
1526292000,8416.2,8435.2,8350.0,8394.1,8398.9,169.96880345,466
1526295600,8394.1,8450.0,8391.5,8429.9,8422.7,84.77760281,421
1526299200,8429.9,8433.3,8376.2,8430.6,8406.2,146.56338411,415
1526302800,8423.5,8730.0,8304.3,8683.8,8513.3,823.55588417,2567
1526306400,8683.8,8811.0,8668.6,8746.7,8735.8,630.04084838,2212
1526310000,8746.3,8856.1,8693.0,8775.8,8757.8,443.60945775,1440
1526313600,8776.0,8806.9,8725.4,8772.0,8765.2,179.509738,845
1526317200,8767.0,8775.0,8699.5,8735.0,8723.9,124.41251728,537
1526320800,8735.0,8760.1,8713.1,8724.9,8733.3,89.37827005,398
1526324400,8724.9,8787.7,8714.0,8752.8,8742.5,370.54994036,767
1526328000,8752.8,8886.3,8736.4,8810.2,8835.0,266.18499811,848
1526331600,8810.2,8842.0,8696.2,8730.0,8788.9,217.72205813,797
1526335200,8730.0,8750.0,8605.1,8605.1,8671.7,353.30185579,1207
1526338800,8605.2,8690.1,8600.2,8660.8,8650.0,140.17050888,476
1526342400,8660.8,8786.0,8660.8,8696.3,8733.0,311.3065914,696
1526346000,8696.3,8715.0,8639.8,8712.8,8669.6,112.87288648,467
1526349600,8712.8,8732.9,8623.8,8664.2,8670.8,113.45858488,357
1526353200,8664.2,8710.9,8637.0,8708.4,8677.2,74.52305104,352
1526356800,8708.4,8730.0,8671.0,8679.3,8708.1,62.64902661,262
1526360400,8682.6,8744.1,8682.0,8719.0,8711.7,70.11567015,407
1526364000,8719.0,8790.0,8719.0,8740.8,8751.3,139.86961243,540
1526367600,8740.8,8752.7,8715.0,8746.6,8731.9,38.36700781,206
1526371200,8746.6,8746.6,8645.5,8720.7,8693.9,195.54915982,549
1526374800,8720.7,8741.9,8706.8,8713.1,8730.1,19.29272048,232
1526378400,8713.1,8862.0,8693.5,8794.1,8793.4,211.87729411,639
1526382000,8794.1,8800.7,8740.2,8757.6,8770.0,91.03682379,467
1526385600,8757.6,8785.0,8750.4,8750.8,8765.3,103.94256151,506
1526389200,8750.8,8764.6,8675.2,8739.7,8715.6,220.13013965,721
1526392800,8739.7,8747.3,8476.2,8519.9,8568.9,448.33769996,1705
1526396400,8519.9,8559.0,8480.3,8519.9,8520.5,246.01906457,758
1526400000,8519.9,8581.9,8510.2,8536.9,8546.2,149.37512656,460
1526403600,8534.9,8579.9,8503.1,8548.5,8537.7,135.45238354,537
1526407200,8548.4,8558.4,8429.0,8520.0,8487.2,448.01750246,1298
1526410800,8520.9,8570.5,8440.6,8562.4,8495.7,256.57036793,759
1526414400,8562.4,8567.7,8490.7,8521.1,8524.9,65.77845783,406
1526418000,8518.3,8530.2,8476.1,8486.3,8503.2,100.32015324,373
1526421600,8486.3,8539.2,8421.0,8446.1,8475.0,185.15721717,836
1526425200,8455.9,8494.8,8432.8,8462.8,8469.7,75.24100173,293
1526428800,8462.8,8494.0,8425.0,8453.1,8463.9,174.08505783,431
1526432400,8453.1,8475.9,8256.0,8316.2,8338.2,488.35545129,1202
1526436000,8316.2,8330.0,8077.3,8142.5,8158.5,999.26590277,2234
1526439600,8128.2,8230.6,8099.6,8157.2,8174.2,650.65166577,973
1526443200,8157.2,8238.6,8145.0,8204.9,8204.1,197.97528812,513
1526446800,8204.9,8230.0,8166.0,8202.9,8195.1,223.77422876,734
1526450400,8202.9,8269.9,8172.4,8226.2,8223.7,116.22629192,432
1526454000,8226.2,8243.1,8201.9,8220.1,8219.6,114.71809082,418
1526457600,8220.1,8245.0,8188.9,8224.0,8222.1,169.59727796,356
1526461200,8224.0,8260.0,8206.7,8235.0,8237.4,125.3606544,334
1526464800,8235.0,8484.4,8234.6,8370.0,8363.7,425.86274137,1313
1526468400,8370.0,8465.0,8363.8,8370.1,8398.4,206.84307706,520
1526472000,8370.1,8381.9,8350.0,8350.1,8365.7,74.77531645,293
1526475600,8350.0,8369.6,8120.5,8157.2,8228.3,460.56163522,1196
1526479200,8157.2,8220.0,8157.2,8198.1,8198.8,83.99514053,441
1526482800,8202.7,8373.0,8202.7,8275.9,8293.4,438.73657554,1141
1526486400,8275.9,8314.1,8205.6,8266.5,8250.0,201.86963756,612
1526490000,8266.5,8340.0,8244.5,8283.0,8304.6,335.70911108,614
1526493600,8283.0,8340.9,8265.2,8276.4,8305.2,111.19665458,337
1526497200,8276.4,8388.9,8255.4,8255.4,8322.6,181.17772312,507
1526500800,8257.9,8300.0,8235.7,8286.7,8262.9,150.31496393,317
1526504400,8286.7,8320.0,8255.0,8272.9,8285.6,135.49954219,384
1526508000,8272.9,8384.1,8272.9,8280.1,8325.8,172.37586847,425
1526511600,8277.4,8353.7,8275.2,8344.9,8321.5,94.00587083,285
1526515200,8345.8,8395.0,8318.4,8344.1,8357.1,124.42948325,395
1526518800,8344.1,8383.7,8313.2,8371.3,8346.4,107.67632932,310
1526522400,8371.3,8392.0,8357.3,8360.9,8377.9,101.95179004,277
1526526000,8360.9,8500.0,8330.6,8363.4,8401.9,473.63425389,1149
1526529600,8363.4,8378.0,8323.9,8323.9,8357.1,39.99358493,177
1526533200,8323.7,8373.7,8257.4,8345.8,8330.0,131.38671981,411
1526536800,8345.8,8366.0,8328.7,8338.6,8346.2,41.44314509,155
1526540400,8335.8,8340.1,8200.1,8244.6,8267.0,326.05127203,590
1526544000,8249.4,8285.3,8219.3,8261.0,8257.0,161.44337418,319
1526547600,8261.0,8312.5,8261.0,8288.8,8289.3,87.41555047,229
1526551200,8288.8,8313.3,8254.0,8303.6,8280.3,56.73393173,207
1526554800,8300.1,8313.8,8275.2,8294.0,8296.8,26.72554758,149
1526558400,8294.0,8325.0,8238.6,8282.7,8273.4,238.62286909,531
1526562000,8282.7,8306.7,8278.3,8292.8,8288.3,52.06487004,283
1526565600,8292.8,8350.0,8288.7,8311.9,8322.1,156.0664868,479
1526569200,8311.9,8320.1,8291.0,8294.5,8307.2,103.00368484,252
1526572800,8294.5,8319.9,8227.0,8278.8,8273.2,169.22718995,547
1526576400,8278.2,8278.9,8227.7,8253.4,8252.6,83.18693632,390
1526580000,8253.5,8271.9,8115.0,8168.3,8177.2,334.90438676,669
1526583600,8165.3,8199.9,8149.9,8177.0,8168.9,169.8878552,363
1526587200,8177.0,8240.0,8173.2,8203.4,8202.1,198.13012374,453
1526590800,8203.4,8207.7,8137.3,8137.3,8172.1,96.61476198,333
1526594400,8142.0,8144.8,7978.8,8076.0,8044.9,642.23265794,1824
1526598000,8076.0,8111.7,8002.0,8064.0,8042.7,324.01213611,898
1526601600,8064.0,8064.0,7932.5,7968.8,7978.8,380.81339057,1030
1526605200,7968.8,8023.2,7937.0,7972.2,7982.4,295.75188861,784
1526608800,7980.6,8024.0,7946.0,7994.0,7982.9,117.25415955,400
1526612400,7994.0,8020.0,7984.3,7996.5,8002.3,64.72458738,294
1526616000,7996.5,8076.0,7995.8,8022.4,8037.2,286.2623854,578
1526619600,8022.4,8054.1,7995.9,8049.3,8024.0,101.26032773,386
1526623200,8049.3,8049.3,7956.3,7972.2,7999.2,278.50714843,631
1526626800,7972.6,8188.0,7971.9,8094.0,8099.3,520.26564747,2181
1526630400,8094.0,8135.9,8081.9,8120.0,8108.2,118.21149377,302
1526634000,8120.0,8131.9,8081.4,8109.8,8106.1,51.07729944,198
1526637600,8099.7,8150.0,8087.0,8138.7,8123.3,50.623171,229
1526641200,8138.1,8138.1,8051.0,8101.9,8094.3,106.48329675,403
1526644800,8101.9,8135.7,8081.9,8105.8,8102.4,139.87493085,541
1526648400,8105.8,8118.0,8056.0,8087.7,8082.7,115.81276008,435
1526652000,8089.2,8095.0,8034.0,8074.9,8067.2,151.38824779,512
1526655600,8074.9,8155.1,8060.0,8107.1,8117.7,107.16616427,352
1526659200,8107.1,8168.8,8082.2,8125.4,8125.2,99.82991318,440
1526662800,8125.4,8148.3,8096.2,8099.9,8117.0,103.59437987,356
1526666400,8099.9,8238.4,8081.0,8214.6,8168.6,263.0660958,847
1526670000,8214.6,8280.0,8194.1,8229.5,8238.9,354.36043381,915
1526673600,8226.8,8252.4,8216.6,8238.0,8229.5,74.07054768,343
1526677200,8238.0,8265.0,8228.3,8240.0,8246.2,105.80430384,434
1526680800,8240.0,8257.3,8202.3,8219.4,8230.5,141.4907171,382
1526684400,8219.4,8250.0,8218.5,8231.9,8235.5,33.75411564,227
1526688000,8231.9,8254.1,8210.0,8218.4,8236.8,62.12074694,323
1526691600,8218.4,8235.1,8180.3,8204.1,8199.0,183.50258373,360
1526695200,8195.3,8234.0,8183.4,8200.0,8209.7,94.25681069,260
1526698800,8200.0,8266.6,8184.1,8238.2,8241.0,101.91890292,322
1526702400,8238.2,8260.0,8230.0,8240.4,8243.0,43.0922438,171
1526706000,8240.4,8250.0,8221.7,8250.0,8232.2,70.38712884,186
1526709600,8250.0,8250.7,8221.0,8221.2,8239.7,32.63328435,238
1526713200,8221.2,8234.5,8160.2,8180.0,8201.4,206.30286606,652
1526716800,8180.0,8228.4,8160.2,8227.0,8186.7,51.09133252,243
1526720400,8227.0,8231.4,8199.7,8199.7,8213.2,27.2284312,178
1526724000,8199.7,8250.0,8199.7,8235.4,8243.3,31.82323701,226
1526727600,8235.4,8387.0,8235.4,8375.4,8308.9,307.32758133,837
1526731200,8378.4,8394.0,8326.6,8355.3,8358.7,166.58665304,542
1526734800,8355.3,8377.8,8298.5,8299.4,8337.7,88.65168541,419
1526738400,8299.4,8330.3,8299.4,8305.0,8313.6,54.70266921,323
1526742000,8305.0,8324.6,8283.2,8313.7,8305.5,55.49296612,173
1526745600,8313.7,8321.2,8277.4,8288.4,8293.6,44.65733452,241
1526749200,8288.4,8321.2,8275.9,8300.8,8297.8,75.70072805,249
1526752800,8302.3,8335.0,8291.9,8300.0,8315.3,52.58453224,252
1526756400,8300.0,8310.0,8290.0,8310.0,8300.7,15.33249835,113
1526760000,8307.0,8319.7,8278.4,8278.5,8299.1,31.0855333,170
1526763600,8275.9,8275.9,8205.0,8205.0,8235.9,236.95463581,829
1526767200,8205.0,8250.0,8177.8,8221.0,8217.4,144.18216343,564
1526770800,8220.9,8245.0,8201.7,8233.8,8227.7,69.92329995,152
1526774400,8233.8,8233.8,8147.9,8182.6,8191.2,141.58016695,337
1526778000,8188.6,8221.9,8162.2,8218.6,8183.4,43.69257921,214
1526781600,8218.6,8275.0,8211.1,8275.0,8238.5,103.09697268,511
1526785200,8275.0,8291.1,8235.0,8244.4,8268.9,75.25730331,320
1526788800,8244.4,8270.3,8227.4,8256.8,8255.6,26.62524175,158
1526792400,8256.8,8268.7,8236.1,8250.3,8252.4,21.76574489,151
1526796000,8250.3,8270.2,8242.0,8250.0,8255.2,42.33633896,155
1526799600,8250.0,8269.4,8221.7,8259.8,8251.0,16.78446303,117
1526803200,8259.8,8292.0,8259.8,8274.0,8279.3,34.02059068,188
1526806800,8274.0,8355.1,8273.9,8348.0,8313.6,159.21232189,507
1526810400,8348.0,8380.6,8329.6,8342.4,8353.9,85.46120121,377
1526814000,8343.8,8347.1,8318.5,8336.0,8337.3,13.63444034,130
1526817600,8336.0,8350.0,8295.7,8295.7,8322.2,51.271514,240
1526821200,8295.7,8332.4,8291.0,8320.9,8318.0,38.75971474,180
1526824800,8320.9,8347.5,8320.9,8340.0,8337.2,37.45128007,281
1526828400,8340.0,8372.0,8335.5,8366.6,8360.2,62.75035031,300
1526832000,8372.0,8546.6,8370.6,8500.0,8498.0,1018.51780519,2315
1526835600,8500.0,8541.0,8474.5,8541.0,8508.1,126.46119933,521
1526839200,8541.0,8555.6,8514.0,8528.0,8538.4,107.29028952,573
1526842800,8528.0,8530.0,8486.3,8511.8,8503.0,66.76805822,673
1526846400,8511.8,8596.7,8511.8,8551.7,8563.5,125.33102369,524
1526850000,8551.7,8581.0,8518.0,8524.5,8547.5,107.38802289,455
1526853600,8524.5,8548.0,8480.3,8493.0,8507.7,96.94654829,543
1526857200,8493.0,8536.1,8493.0,8518.9,8516.0,35.13814519,269
1526860800,8518.9,8545.1,8452.3,8487.6,8487.5,118.18781816,583
1526864400,8500.3,8545.9,8430.9,8458.0,8491.3,144.77163821,337
1526868000,8460.0,8537.4,8460.0,8502.2,8497.6,68.23166358,283
1526871600,8502.3,8520.0,8484.9,8495.3,8502.2,42.39943091,329
1526875200,8495.3,8536.0,8480.3,8520.9,8511.1,80.16140165,370
1526878800,8520.9,8528.0,8494.2,8508.1,8512.2,37.9038529,206
1526882400,8508.1,8592.6,8480.2,8557.3,8547.7,184.31537787,330
1526886000,8557.3,8596.5,8510.6,8527.5,8554.4,223.92052498,370
1526889600,8527.9,8532.1,8485.8,8516.0,8508.4,85.68302995,194
1526893200,8516.0,8519.4,8477.0,8477.3,8503.9,34.75396096,226
1526896800,8477.3,8496.7,8440.2,8475.0,8465.7,107.59656535,455
1526900400,8475.0,8535.0,8449.1,8492.0,8485.8,147.17306231,365
1526904000,8492.0,8520.7,8470.0,8506.4,8499.0,43.97146847,294
1526907600,8506.4,8514.1,8469.9,8496.0,8490.1,89.93341596,310
1526911200,8496.0,8496.0,8356.5,8406.5,8400.8,429.18678475,936
1526914800,8406.5,8423.8,8385.0,8411.6,8401.8,101.7022279,333
1526918400,8411.6,8411.6,8370.0,8394.6,8389.3,125.56222109,380
1526922000,8394.6,8409.0,8370.6,8377.6,8393.1,77.37199813,253
1526925600,8376.9,8379.6,8292.4,8347.3,8335.7,304.09539102,682
1526929200,8347.3,8389.1,8347.2,8380.4,8368.9,105.52914106,257
1526932800,8381.1,8439.7,8367.1,8400.7,8403.0,138.51801476,357
1526936400,8400.7,8420.7,8372.3,8377.0,8399.5,116.83085795,240
1526940000,8377.0,8399.9,8367.0,8398.2,8380.0,50.94360104,301
1526943600,8398.2,8415.0,8381.7,8390.8,8400.1,43.86454005,195
1526947200,8390.8,8408.0,8330.1,8357.3,8366.5,141.09028852,427
1526950800,8356.5,8361.3,8250.0,8280.9,8293.7,234.15062619,771
1526954400,8280.9,8317.0,8257.7,8295.5,8293.6,179.35782253,332
1526958000,8295.5,8327.1,8290.8,8317.3,8309.9,146.08926674,251
1526961600,8317.3,8320.0,8280.1,8293.1,8298.6,125.22834258,343
1526965200,8293.1,8315.4,8273.6,8300.5,8300.9,66.84542784,257
1526968800,8300.0,8345.0,8290.4,8318.5,8325.5,77.0840466,246
1526972400,8318.5,8332.6,8292.2,8313.3,8313.2,28.21090979,192
1526976000,8313.3,8320.9,8290.4,8290.4,8305.4,47.07164801,179
1526979600,8290.4,8290.5,8220.1,8240.8,8256.3,183.73851322,544
1526983200,8247.8,8264.8,8237.9,8261.2,8251.2,57.58777232,262
1526986800,8261.2,8284.9,8205.0,8205.2,8235.3,242.86444272,696
1526990400,8205.3,8213.6,8148.0,8174.9,8180.8,304.63141855,946
1526994000,8174.9,8242.8,8174.9,8219.4,8211.4,141.3547774,521
1526997600,8219.4,8249.7,8200.0,8226.3,8223.0,104.37540882,328
1527001200,8226.3,8250.0,8211.0,8229.6,8229.8,79.71057355,281
1527004800,8230.6,8250.0,8213.0,8220.6,8229.7,71.26005124,246
1527008400,8220.6,8236.4,8198.9,8204.9,8209.7,137.20441802,253
1527012000,8204.9,8219.3,8180.0,8214.8,8201.4,131.93703197,397
1527015600,8214.8,8220.0,8143.0,8160.5,8166.3,424.60756274,751
